Category,SubCategory,ManufacturerPartNo,Manufacturer,ItemName,Description,Stock,Price,Packaging,Series,DatasheetUrl,ImageUrls,AdditionalFields
Electromechanical,Switches,B3U-1000P,Omron Electronics Inc-EMC Div,Tactile Switches,SWITCH TACTILE SPST-NO 0.05A 12V,20,2386.026,Tube,B3U,https://www.digikey.com/en/htmldatasheets/production/883789/0/0/1/b3u-series-datasheet.html,https://media.digikey.com/photos/Omron%20Elect%20Photos/B3U-1000P.JPG,"[{MountingType,Surface Mount},{Package/Case,-}]"
Electromechanical,Switches,OS102011MA1QN1C,C&K,Slide Switches,Slide Switches SPDT On-On,14,141.1128,Bulk,OS,https://eu.mouser.com/datasheet/2/240/os-3050682.pdf,https://eu.mouser.com/images/ckcomponents/images/OS102011MA1QN1_t.jpg,"[{MountingType,Through Hole},{Package/Case,-}]"
Electromechanical,Switches,MSK12C02,SHOU HAN,Slide Switches,SMD Slide Switches ROHS,13,131.6235,Cut Tape,-,https://datasheet.lcsc.com/lcsc/1912111437_SHOU-HAN-MSK12C02_C431540.pdf,https://assets.lcsc.com/images/lcsc/900x900/20230204_SHOU-HAN-MSK12C02_C431540_front.jpg,"[{MountingType,Surface Mount},{Package/Case,-}]"
Electromechanical,Switches,ESE-18R61D,Panasonic Electronic Components,Limit Switches,SWITCH DETECTOR SPST-NC 10MA,4,369.666,Tape & Reel (TR),ESE18,https://www.digikey.com/en/htmldatasheets/production/102795/0/0/1/ese-18-series-datasheet.html,https://media.digikey.com/Photos/Panasonic%20Photos/ESE-18R63D.jpg,"[{MountingType,Surface Mount},{Package/Case,-}]"
Electromechanical,Switches,H8550VBACA,Bulgin,Rocker Switches,Rocker Switch,11,1306.044,-,-,https://eu.mouser.com/datasheet/2/57/A_Rocker_Switch-1600891.pdf,https://eu.mouser.com/images/bulgin/images/8500_rocker_DSL.jpg,"[{MountingType,Panel Mount},{Package/Case,-}]"
Electromechanical,Switches,T80-T-8019C-TECQ-3,Salecom,Toggle Switches,Miniature toggle switches - Salecom T80-T -5A 120VAC/28VDC 2A 240VAC,1,364.065,,-,https://www.modellingelectronics.co.uk/datasheets/miniature-toggle-switch-on-off-on-spdt-pack-of-5-5cae1cf0a26f3.pdf,https://www.modellingelectronics.co.uk/images/products/miniature-toggle-switches-salecom-t80-t-5ca9bf806dac1.jpg,"[{MountingType,Panel Mount},{Package/Case,-}]"
Electromechanical,Switches,218-10LPSTJR,CTS Electronic Components,DIP Switches,DIP Micro Switch 10 Position,2,516.4128,Tape & Reel (TR),218,https://eu.mouser.com/datasheet/2/96/218-1144897.pdf,https://eu.mouser.com/images/ctselectroniccomponents/images/218-10LPSTJ_SPL.jpg,"[{MountingType,PCB Mount},{Package/Case,-}]"
Electromechanical,Switches,SS-12D28L5,XKB Connectivity,Slide Switches,Shrouded SPDT 125V 15.85mm 6.8mm 3A PCPin 10000 Rectangular columnar -40?~+85? Black Plugin Slide Switches ROHS,1,207.237,-,-,https://datasheet.lcsc.com/lcsc/1810301448_XKB-Connectivity-SS-12D28L5_C319007.pdf,https://assets.lcsc.com/images/lcsc/900x900/20181030_XKB-Connectivity-SS-12D28L5_C319007_front.jpg,"[{MountingType,Shrouded},{Package/Case,-}]"
Electromechanical,Switches,TL3300CF160Q,E-Switch,Tactile Switches,12mm 5mm Round Button 50mA Brick nogging 12mm SPST 12V SMD12x12mm Tactile Switches ROHS,1,246.444,-,-,https://datasheet.lcsc.com/lcsc/1811151654_E-Switch-TL3300CF160Q_C273516.pdf,https://assets.lcsc.com/images/lcsc/900x900/20181115_E-Switch-TL3300CF160Q_C273516_front.jpg,"[{MountingType,Brick nogging},{Package/Case,-}]"
Electromechanical,Switches,SS-3235D-03-L2,XKB Connectivity,Slide Switches,Brick nogging 50mA DPDT 12V 3.5mm 9.05mm 12V 3.5mm 50mA SMDSplicing 10000 Rectangular columnar -40?~+85? Black SMD Slide Switches ROHS,2,72.813,Cut Tape,-,https://datasheet.lcsc.com/lcsc/2002271813_XKB-Connectivity-SS-3235D-03-L2_C381097.pdf,https://assets.lcsc.com/images/lcsc/900x900/20190328_XKB-Connectivity-SS-3235D-03-L2_C381097_front.jpg,"[{MountingType,Brick nogging},{Package/Case,-}]"
Electromechanical,Switches,4.18E+11,Wurth Elektronik,DIP Switches,DIP Switches/SIP Switches WS-DITV DIP 8p THT 2.54mm Hrztl Box,1,585.468,Tube,WS-DITV,https://eu.mouser.com/datasheet/2/445/418117270908-3087033.pdf,https://eu.mouser.com/images/wurthelectronics/images/WS_BS_4181172709xx_SPL.jpg,"[{MountingType,PCB Mount},{Package/Case,-}]"
Electromechanical,Switches,DS02-254-1L-02BE,CUI Devices,DIP Switches,DIP Switches/SIP Switches 2 12 Positions Through Hole 2.54 mm Pitch Piano Slide Actuator DIP Switch,6,204.1632,Tube,WS-DITV,https://eu.mouser.com/datasheet/2/670/ds02_254-1777565.pdf,https://eu.mouser.com/images/cuiinc/images/DS02-254-02_SPL.jpg,"[{MountingType,PCB Mount},{Package/Case,-}]"
Integrated Circuits (ICs),Embedded Processors and Controllers,A000067,Arduino,ATmega2560 ,Arduino Mega 2560 Rev3 ,2,7205.76,,,https://docs.arduino.cc/static/72be0dec11bfaddb42da1c09e0d02ac5/A000067-datasheet.pdf,https://cdn.shopify.com/s/files/1/0438/4735/2471/products/A000067_00.front_643x483.jpg,"[{MountingType,-},{Package/Case,-}]"
Integrated Circuits (ICs),Embedded Processors and Controllers,A000066,Arduino,ATmega328P ,with ATmega328P Operating Voltage 5V,6,12610.08,,,https://docs.arduino.cc/resources/datasheets/A000066-datasheet.pdf,https://cdn.shopify.com/s/files/1/0438/4735/2471/products/A000066_03.front_643x483.jpg,"[{MountingType,-},{Package/Case,-}]"
Connectors,Headers and Wire Housings,B3B-PH-KL(LF)(SN),JST Sales America Inc.,Male Headers,"CONN HEADER VERT 3POS 2MM Connector Header Through Hole 3 position 0.079"" (2.00mm)",15,61.611,,PH,https://www.jst-mfg.com/product/pdf/eng/ePH.pdf,file://E:\Inventory\box 3 HeaderConnector\IMG_20210917_184640.jpg,"[{MountingType,Through Hole},{Package/Case,-}]"
Connectors,Headers and Wire Housings,B3B-XH-A(LF)(SN),JST Sales America Inc.,Male Headers,"CONN HEADER VERT 3POS 2.5MM Connector Header Through Hole 3 position 0.098"" (2.50mm)",15,56.01,,XH,https://www.jst-mfg.com/product/pdf/eng/eXH.pdf,https://media.digikey.com/photos/JST%20Photos/B3B-XH-A(LF)(SN).jpg,"[{MountingType,Through Hole},{Package/Case,-}]"
Connectors,RF/Coaxial Connectors,U.FL-R-SMT-1(80),Hirose Electric Co Ltd,Coaxial Connectors,CONN U.FL RCPT STR 50 OHM SMD U.FL (UMCC) Connector Receptacle Male Pin 50Ohm Surface Mount Solder,11,296.853,,U.FL,https://www.hirose.com/en/product/document?clcode=CL0331-0472-2-80&productname=U.FL-R-SMT-1(80)&series=U.FL&documenttype=SpecSheet&lang=en&documentid=0000266838,https://media.digikey.com/photos/Hirose%20Elect%20Photos/U.FL-R-SMT(01).jpg,"[{MountingType,Surface Mount},{Package/Case,-}]"
Connectors,USB Connectors,2305018-2,TE Connectivity,C Type Connectors,CONN RCP USB3.1 TYPEC 24P SMD USB-C (USB TYPE-C) USB 3.2 Gen 2 (USB 3.1 Gen 2 Superspeed + (USB 3.1)),9,1108.998,,-,https://www.te.com/commerce/DocumentDelivery/DDEController?Action=srchrtrv&DocNm=2305018&DocType=Customer+Drawing&DocLang=English&DocFormat=pdf&PartCntxt=2305018-2,https://media.digikey.com/Photos/TE%20Connectivity/MFG_2305018-2.jpg,"[{MountingType,Surface Mount/Through Hole},{Package/Case,-}]"
Connectors,USB Connectors,10118194-0001LF,Amphenol Communications Solutions,Micro B Connectors,CONN RCPT USB2.0 MICRO B SMD USB - micro B USB 2.0,9,128.823,,-,https://cdn.amphenol-cs.com/media/wysiwyg/files/documentation/datasheet/inputoutput/io_usb_micro.pdf,https://media.digikey.com/Photos/FCI%20Photos/10118194-0001LF.JPG,"[{MountingType,Surface Mount/Through Hole},{Package/Case,-}]"
Connectors,RF/Coaxial Connectors,734120110,Molex,Coaxial Connectors,CONN UMC RCPT STR 50 OHM SMDU.FL (UMCC) Connector Receptacle Male Pin 50Ohm Surface Mount Solder,6,221.2395,,73412,https://www.molex.com/pdm_docs/sd/734120110_sd.pdf,https://media.digikey.com/Photos/Molex/73412-0110.jpg,"[{MountingType,Surface Mount},{Package/Case,-}]"
Connectors,Headers and Wire Housings,B4B-PH-K-S(LF)(SN),JST Sales America Inc.,Headers,"CONN HEADER VERT 4POS 2MM Connector Header Through Hole 4 position 0.079"" (2.00mm)",15,61.611,,PH,https://www.jst-mfg.com/product/pdf/eng/ePH.pdf,https://media.digikey.com/photos/JST%20Photos/B4B-PH-K-S.jpg,"[{MountingType,Through Hole},{Package/Case,-}]"
Connectors,Headers and Wire Housings,PZ254V-11-05P,XFCN,Male Headers,5 2.54mm Straight 1 Header?Breakaway Through HoleP=2.54mm Pin Headers ROHS,15,5.601,,,https://datasheet.lcsc.com/lcsc/2003141409_XFCN-PZ254V-11-05P_C492404.pdf,file://E:\Inventory\box 3 HeaderConnector\IMG_20210917_184711.jpg,"[{MountingType,Straight},{Package/Case,-}]"
Connectors,USB Connectors,920-E52A2021S10100C10418,Jing Extension of the Electronic Co.,Micro B Connectors,Receptacle USB - Micro B 5 USB 2.0 SMD USB Connectors ROHS,4,16.803,,,https://datasheet.lcsc.com/lcsc/2103051832_Jing-Extension-of-the-Electronic-Co--920-E52A2021S10100_C10418.pdf,file://E:\Inventory\box 3 HeaderConnector\IMG_20210917_184711.jpg,"[{MountingType,-},{Package/Case,-}]"
Connectors,USB Connectors,10118192-0001LF,Amphenol Communications Solutions,Micro B Connectors,CONN RCPT USB2.0 MICRO B SMD USB - micro B USB 2.0,7,128.823,,-,https://cdn.amphenol-cs.com/media/wysiwyg/files/documentation/datasheet/inputoutput/io_usb_micro.pdf,https://media.digikey.com/Photos/Amphenol%20Photos/10118192-0001LF.jpg,"[{MountingType,Surface Mount},{Package/Case,-}]"
Connectors,SIM Card Connectors,C77877,BOOMELE(Boom Precision Elec),Nano SIM Card Connectors,Connector SIM Card 6 6PIN Card Sockets,5,134.424,,,https://datasheet.lcsc.com/lcsc/1810251313_BOOMELE-Boom-Precision-Elec-NANO-SIM-6PIN_C77877.pdf,file://E:\Inventory\box 3 HeaderConnector\IMG_20210917_183545.jpg,"[{MountingType,-},{Package/Case,-}]"
Connectors,Headers and Wire Housings,22232111,Molex,Male Headers,CONN HEADER VERT 11POS 2.54MMConnector Header Through Hole 11 position ,2,288.4515,,"KK254, 6373",https://www.molex.com/pdm_docs/sd/022232111_sd.pdf,https://media.digikey.com/photos/Molex/22-23-2111.jpg,"[{MountingType,Through Hole},{Package/Case,-}]"
Connectors,Memory Connectors,6.93E+11,Wurth Elektronik,Nano SIM Card Connectors,"CONN SMART CARD PUSH-PULL
6 Position Card Connector NANO SIM Surface Mount Right Angle Gold",15,506.8905,,WR-CRD,https://www.we-online.com/components/products/datasheet/693043020611.pdf,https://media.digikey.com/Photos/Wurth%20Electronics%20Photos/MFG_693043020611.jpg,"[{MountingType,Surface Mount},{Package/Case,-}]"
Connectors,Headers and Wire Housings,B2B-PH-K-S(LF)(SN,JST Sales America Inc.,Male Headers,"CONN HEADER VERT 2POS 2MM Connector Header Through Hole 2 position 0.079""",9,47.6085,,PH,https://www.jst-mfg.com/product/pdf/eng/ePH.pdf,https://media.digikey.com/photos/JST%20Photos/B2B-PH-K-S.jpg,"[{MountingType,Through Hole},{Package/Case,-}]"
Connectors,Memory Connectors,5050200692,Molex,Micro SIM Connectors,MICRO-SIM CARD CONNECTOR PIN 6 Position Card Connector Micro SIM Surface Mount,6,,,505020,https://www.literature.molex.com/SQLImages/kelmscott/Molex/PDF_Images/987651-3481.pdf,https://media.digikey.com/photos/Molex/MFG_5050200692.jpg,"[{MountingType,Surface Mount},{Package/Case,-}]"
Connectors,USB Connectors,476420001,Molex,USB Micro B Connectors,CONN RCPT MICRO USB B 5POS SMDUSB - micro B Receptacle Connector 5 Position,7,266.0475,,47642,https://www.molex.com/pdm_docs/sd/476420001_sd.pdf,https://media.digikey.com/Photos/Molex/0476420001.jpg,"[{MountingType,Board Edge, Cutout,Surface Mount},{Package/Case,-}]"
Connectors,Headers and Wire Housings,PHR-13,JST Sales America Inc.,Wire Housings,"CONN HOUSING PH 13POS 2MM 13 Rectangular Connectors - Housings Receptacle Natural 0.079"" (2.00mm)",9,78.414,,PH,https://www.jst-mfg.com/product/pdf/eng/ePH.pdf,https://media.digikey.com/photos/JST%20Photos/PHR-13.jpg,"[{MountingType,Free Hanging},{Package/Case,-}]"
Connectors,Headers and Wire Housings,S4B-PH-KL(LF)(SN),JST Sales America Inc.,Male Headers,"CONN HEADER R/A 4POS 2MMConnector Header Through Hole Right Angle 4 position 0.079"" (2.00mm)",5,39.207,,PH,https://www.jst-mfg.com/product/pdf/eng/ePH.pdf,,"[{MountingType,Through Hole},{Package/Case,-}]"
Connectors,Headers and Wire Housings,3221-16-0300-00,CNC Tech,Male Headers,"CONN HEADER SMD 16POS 1.27MMConnector Header Surface Mount 16 position 0.050"" (1.27mm)",4,369.666,,-,http://www.cnctech.us/pdfs/3221-XX-0300-00_.pdf,https://media.digikey.com/photos/CnC%20Tech/3221-16-0300-00.JPG,"[{MountingType,Surface Mount},{Package/Case,-}]"
Connectors,Headers and Wire Housings,20021111-00010T4LF,Amphenol Communications Solutions,Male Headers,CONN HEADER VERT 10POS 1.27MMConnector Header Through Hole 10 position,25,221.2395,,Minitek127® 1.27mm,https://cdn.amphenol-cs.com/media/wysiwyg/files/drawing/20021111.pdf,https://media.digikey.com/Photos/FCI%20Photos/20021111-00010T4LF.JPG,"[{MountingType,-},{Package/Case,-}]"
Connectors,Headers and Wire Housings,Z-211-0611-0021-001,Nextron(Nextronics Engineering),Headers,2.54mm 6 Straight 1 Header?Breakaway P=2.54mm Pin Headers ROHS,13,8.4015,,,https://datasheet.lcsc.com/lcsc/1811151537_Nextron-Nextronics-Engineering-Z-211-0611-0021-001_C190819.pdf,file://E:\Inventory\box 3 HeaderConnector\IMG_20210917_184640.jpg,"[{MountingType,Straight},{Package/Case,-}]"
Connectors,Battery Connectors,1060TR,Keystone,,SMD Battery Connectors ROHS,2,560.1,,,https://www.keyelco.com/product-pdf.cfm?p=3936,https://www.keyelco.com/assets/product_images/1060.jpg,"[{MountingType,-},{Package/Case,-}]"
Connectors,Headers and Wire Housings,210-91-04GB01,PINREX,,2.54mm Straight 1x4 Header?Breakaway Through Hole Pin Headers ROHS,42,5.601,,,https://pinrex.com.tw/Upload/product/product_202011061741182.pdf,file://E:\Inventory\box 3 HeaderConnector\IMG_20210917_184405.jpg,"[{MountingType,Straight},{Package/Case,-}]"
Connectors,Power Connectors,DC-005-5A-2.5SMT,XKB Connectivity,,-XKB Connectivity DC-005-5A-2.5-SMT,4,56.01,,,https://datasheet.lcsc.com/lcsc/2208041700_XKB-Connectivity-DC-005-5A-2-5-SMT_C319133.pdf,file://E:\Inventory\box 3 HeaderConnector\IMG_20210917_184610.jpg,"[{MountingType,-},{Package/Case,-}]"
Connectors,Screw Terminals,JL301-50002U02,JILN,,2 PluginP=5mm Screw terminal,38,28.005,,,http://www.szjiln.com/upload/portal/20220504/202205041739577094.pdf,http://www.szjiln.com/upload/portal/20220401/202204011132263743.png,"[{MountingType,Through Hole},{Package/Case,-}]"
Connectors,Screw Terminals,WJ301V-5.0-3P,Ningbo Kangnex Elec,,3 PluginP=5mm Screw terminal,32,28.005,,,https://datasheet.lcsc.com/lcsc/1912251636_Ningbo-Kangnex-Elec-WJ301V-5-0-3P_C8483.pdf,file://E:\Inventory\box 3 HeaderConnector\IMG_20210917_184830.jpg,"[{MountingType,Through Hole},{Package/Case,-}]"
Connectors,Headers and Wire Housings,20021121-00010C4LF,Amphenol Communications Solutions,Headers,2 Surface Mount 10 Header?Breakaway 1.27mm P=1.27mm Pin Headers ROHS,2,$252.05 ,,,https://media.digikey.com/pdf/Data%20Sheets/FCI%20PDFs/Minitek%20127_Catalog.pdf,file://E:\Inventory\box 3 HeaderConnector\IMG_20210917_184526.jpg,"[{MountingType,-},{Package/Case,-}]"
Connectors,FFC/FPC Connectors,AFC01-S40FCA-00,JUSHUO,,"40 0.020""?0.50mm? 0.079""?2.00mm? Forward Slip ContactBottom P=0.5mm FFC/FPC Connectors ROHS",2,47.6085,,,https://datasheet.lcsc.com/lcsc/1811021330_JUSHUO-AFC01-S40FCA-00_C262674.pdf,https://assets.lcsc.com/images/lcsc/900x900/20230110_JUSHUO-AFC01-S40FCA-00_C262674_front.jpg,"[{MountingType,Surface Mount},{Package/Case,-}]"
Connectors,USB Connectors,292303-1,TE Connectivity,USB A Type Connectors,CONN RCPT USB2.0 TYPEA 4POS R/AUSB-A (USB TYPE-A) USB 2.0 Receptacle Connector 4 Position Through Hole Right Angle,9,450.8805,,-,https://www.te.com/commerce/DocumentDelivery/DDEController?Action=srchrtrv&DocNm=292303&DocType=Customer+Drawing&DocLang=English,https://media.digikey.com/photos/Tyco%20Photos/292303-1.JPG,"[{MountingType,Through Hole},{Package/Case,-}]"
Connectors,Headers and Wire Housings,825433-3,TE Connectivity,Male Headers,3 2.54mm Straight 1 Header?Breakaway Through Hole Pin Headers ROHS,26,56.01,,AMPMODU Mod II,https://www.te.com/commerce/DocumentDelivery/DDEController?Action=srchrtrv&DocNm=825433&DocType=Customer+Drawing&DocLang=English,https://media.digikey.com/Renders/TE%20Connectivity/Breakaway-Vert-3-Gold-Pins-Green.jpg,"[{MountingType,Through Hole},{Package/Case,-}]"
Connectors,Headers and Wire Housings,640456-3 C86503,TE Connectivity,Male Headers,Connector Header Through Hole 3 position,5,710.309,,MTA-100,https://www.te.com/commerce/DocumentDelivery/DDEController?Action=srchrtrv&DocNm=640456&DocType=Customer+Drawing&DocLang=English,"https://media.digikey.com/photos/Tyco%20Amp%20Photos/640456-3,%20640454-3.jpg","[{MountingType,Through Hole},{Package/Case,-}]"
Connectors,USB Connectors,USB3070-30-A,GCT,Micro B Connectors,MICRO B SKT MID MOUNT-SMT R/AUSB - micro B USB 2.0 Receptacle Connector 5 Position,4,53.2095,,USB3070,https://gct.co/files/specs/usb3070-spec.pdf,https://media.digikey.com/Photos/GCT/MFG_USB3070-30-A.jpg,"[{MountingType,Board Edge, Cutout,Surface Mount},{Package/Case,-}]"
Connectors,Headers and Wire Housings,MTP125-1105S1,MINTRON,Headers,Straight Square Pins 2.5mm 6mm -40?~+105? 1 3mm 5 2.54mm Black Brass 1x5P PluginP=2.54mm Pin Headers ROHS,15,5.601,,,,file://E:\Inventory\box 3 HeaderConnector\IMG_20210917_182546.jpg,"[{MountingType,Straight},{Package/Case,-}]"
Connectors,Headers and Wire Housings,DF13-2P-1.25H(21),Hirose Electric Co Ltd,Male Headers,"CONN HEADER SMD R/A 2POS 1.25MM Connector Header Surface Mount Right Angle 2 position 0.049"" (1.25mm)",5,126.0225,,DF13,https://www.hirose.com/product/document?clcode=CL0536-0109-0-76&productname=DF13-10P-1.25DSA(76)&series=DF13&documenttype=Catalog&lang=en&documentid=D31687_en,https://media.digikey.com/photos/Hirose%20Elect%20Photos/DF13-2P-1.25H(20).jpg,"[{MountingType,Surface Mount},{Package/Case,-}]"
Connectors,Screw Terminals,WJ126V-5.0-6P,Ningbo Kangnex Elec,,6 PluginP=5mm Screw terminal ROHS,2,,,,https://datasheet.lcsc.com/lcsc/1912251632_Ningbo-Kangnex-Elec-WJ126V-5-0-6P_C8379.pdf,,"[{MountingType,Through Hole},{Package/Case,-}]"
Connectors,Headers and Wire Housings,PHR-2,JST Sales America Inc.,Housings,CONN RCPT HSG 2POS 2.00MM 2 Rectangular Connectors,48,28.005,,PH,https://www.jst-mfg.com/product/pdf/eng/ePH.pdf,https://media.digikey.com/photos/JST%20Photos/PHR-2.jpg,"[{MountingType,Free Hanging},{Package/Case,-}]"
Connectors,Memory Connectors,TF-002T-15,SOFNG,Micro SIM Connectors,Deck MicroSD card (TF card) Clamshell SMD SD Card Connectors,2,,,,https://datasheet.lcsc.com/lcsc/1810121710_SOFNG-TF-002T-15_C125616.pdf,https://assets.lcsc.com/images/lcsc/900x900/20180914_SOFNG-TF-002T-15_C125616_front_10.jpg,"[{MountingType,-},{Package/Case,-}]"
Connectors,Wire to Wire/Wire to Board Connectors,B13B-PH-K-S(LF)(SN),JST Sales America Inc.,,1x13P PH 1 2mm 13 Brass StraightP=2mm Wire To Board / Wire To Wire Connector,1,44.808,,,https://datasheet.lcsc.com/lcsc/1810261120_JST-Sales-America-B13B-PH-K-S-LF-SN_C158026.pdf,https://assets.lcsc.com/images/lcsc/900x900/20180914_JST-Sales-America-B13B-PH-K-S-LF-SN_C158026_front.jpg,"[{MountingType,-},{Package/Case,-}]"
Optoelectronics,Diodes,LTST-C190KGKT,Lite-On Inc.,LEDs,LED GREEN CLEAR CHIP SMD,2000,72.813,Tape & Reel (TR),-,https://optoelectronics.liteon.com/upload/download/DS22-2000-074/LTST-C190KGKT.PDF,"https://media.digikey.com/photos/Lite%20On%20Photos/LTST-C190KGKT,LTST-C190KRKT,LTST-C190KSKT,LTST-C190KYKT.jpg","[{MountingType,Surface Mount},{Package/Case,LED 0603 }]"
Optoelectronics,Diodes,LTST-C150KGKT,Lite-On Inc.,LEDs,LED GREEN CLEAR 1206 SMD,40,98.0175,Tape & Reel (TR),-,https://optoelectronics.liteon.com/upload/download/DS22-2000-072/LTST-C150KGKT.PDF,"https://media.digikey.com/photos/Lite%20On%20Photos/LTST-C150TBKT,LTST-C150KAKT,LTST-C150KGKT.jpg","[{MountingType,Surface Mount},{Package/Case,LED 1206}]"
Optoelectronics,Diodes,LTST-C170KGKT,Lite-On Inc.,LEDs,LED GREEN CLEAR SMD,123,98.0175,Tape & Reel (TR),-,https://optoelectronics.liteon.com/upload/download/DS22-2000-073/LTST-C170KGKT.PDF,"https://media.digikey.com/photos/Lite%20On%20Photos/LTST-C170KGKT,LTST-C170KRKT,LTST-C170KSKT.jpg","[{MountingType,Surface Mount},{Package/Case,LED 0805 }]"
Optoelectronics,Diodes,19-217/BHC-AN1P2/3T,Everlight Elec,LEDs,"Blue 464.5~476.5nm SMD,1.6x0.8x0.8mm Light Emitting Diodes (LED) ROHS",10,11.202,Tape & Reel (TR),-,https://datasheet.lcsc.com/lcsc/1811141751_Everlight-Elec-19-21-BHC-AN1P2-3T_C282129.pdf,https://assets.lcsc.com/images/lcsc/900x900/20180929_Everlight-Elec-19-21-BHC-AN1P2-3T_C282129_front.jpg,"[{MountingType,Surface Mount},{Package/Case,LED 0603 }]"
Optoelectronics,Diodes,BL-HGE37A-AV-TRB,American Bright Optoelectronics Corporation,LEDs,0402 YELLOW GREEN,4,98.0175,Tape & Reel (TR),-,https://www.americanbrightled.com/pdffiles/led-components/smt/BL-HGE37A-TRB.pdf,https://media.digikey.com/Renders/American-Bright-Optoelectronics-Corporation/BL-HGE37A-AV-TRB.jpg,"[{MountingType,Surface Mount},{Package/Case,LED 0402}]"
Optoelectronics,Diodes,TJ-S1005SW4TGLC7K-A5,TOGIALED,LEDs,Green-yellow 573nm 0402 Light Emitting Diodes (LED) ROHS,7,11.202,Tape & Reel (TR),-,https://datasheet.lcsc.com/lcsc/1810191242_TOGIALED-TJ-S1005SW4TGLC7K-A5_C273601.pdf,https://assets.lcsc.com/images/lcsc/900x900/20230109_TOGIALED-TJ-S1005SW4TGLC7K-A5_C273601_front.jpg,"[{MountingType,Surface Mount},{Package/Case,LED 0402}]"
Optoelectronics,Diodes,2SA0402S11A0JT01,Brightek Optoelectronics,LEDs,Red 615~635nm 0402 Light Emitting Diodes (LED) ROHS,2,14.0025,Tape & Reel (TR),-,https://datasheet.lcsc.com/lcsc/1808291043_Brightek-Optoelectronics-2SA0402S11A0JT01_C233194.pdf,https://assets.lcsc.com/images/lcsc/900x900/20180914_Brightek-Optoelectronics-2SA0402S11A0JT01_C233194_front.jpg,"[{MountingType,Surface Mount},{Package/Case,LED 0402}]"
Optoelectronics,Diodes,TJ-S1005SW4TGO6B-A5,TOGIALED,LEDs,Blue 465nm 0402 Light Emitting Diodes (LED) ROHS,6,11.202,Tape & Reel (TR),-,https://datasheet.lcsc.com/lcsc/1810191242_TOGIALED-TJ-S1005SW4TGLC6B-A5_C273603.pdf,https://assets.lcsc.com/images/lcsc/900x900/20230109_TOGIALED-TJ-S1005SW4TGLC6B-A5_C273603_front.jpg,"[{MountingType,Surface Mount},{Package/Case,LED 0402}]"
Optoelectronics,Diodes,KPHHS1005CGCK,Kingbright,LEDs,LED GREEN CLEAR CHIP SMD,50,103.6185,Tape & Reel (TR),-,https://www.kingbright.com/attachments/file/psearch/000/00/00/KPHHS-1005CGCK(Ver.24B).pdf,https://media.digikey.com/photos/Kingbright%20Photos/APHHS1005QBC%5ED.jpg,"[{MountingType,Surface Mount},{Package/Case,LED 0402}]"
Optoelectronics,Diodes,SM4014UWDC02,Bivar Inc.,LEDs,"LED, SURFACE MOUNT, SM4014, 0.2W",37,0,Tape & Reel (TR),-,https://media.digikey.com/pdf/Data%20Sheets/Bivar%20Inc%20PDFs/SM4014_Series.pdf,https://media.digikey.com/Photos/Bivar%20Inc%20Photos/MFG_SM4014.jpg,"[{MountingType,Surface Mount},{Package/Case,LED 4014}]"
Optoelectronics,Diodes,COM-13667,SparkFun Electronics,LEDs,ADDRESS LED DISCRETE SERIAL RGB,25,0,Tape & Reel (TR),-,http://cdn.sparkfun.com/datasheets/BreakoutBoards/WS2812B.pdf,https://media.digikey.com/Photos/Sparkfun%20Elec%20%20Photos/MFG_COM-13667.jpg,"[{MountingType,Surface Mount},{Package/Case,Custom}]"
Optoelectronics,Diodes,LTST-C193TBKT-5A,Lite-On Inc.,LEDs,LED BLUE CLEAR CHIP SMD,69,84.015,Tape & Reel (TR),-,https://media.digikey.com/pdf/Data%20Sheets/Lite-On%20PDFs/LTST-C193TBKT-5A.pdf,https://media.digikey.com/Renders/Lite%20On%20Renders/LTST-C193TBKT-5A.jpg,"[{MountingType,Surface Mount},{Package/Case,LED 0603 }]"
Optoelectronics,Diodes,19-21SYGC/S530-E2/TR8,Everlight Elec,LEDs,Green-yellow 573nm 0603 Light Emitting Diodes (LED) ROHS,15,5.601,Tape & Reel (TR),-,https://datasheet.lcsc.com/lcsc/1811081329_Everlight-Elec-19-21SYGC-S530-E2-TR8_C136120.pdf,https://assets.lcsc.com/images/lcsc/900x900/20180914_Everlight-Elec-19-21SYGC-S530-E2-TR8_C136120_front.jpg,"[{MountingType,Surface Mount},{Package/Case,LED 0603 }]"
Optoelectronics,Diodes,LTST-C191KRKT,Lite-On Inc.,LEDs,LED RED CLEAR SMD,15,72.813,Tape & Reel (TR),-,https://optoelectronics.liteon.com/upload/download/DS22-2000-223/LTST-C191KRKT.PDF,https://media.digikey.com/Renders/Lite%20On%20Renders/LTST-C191TGKT.jpg,"[{MountingType,Surface Mount},{Package/Case,LED 0603 }]"
Optoelectronics,Diodes,TJ-S1608SW6TGLC2G-A5,TOGIALED,LEDs,Green 520~530nm 2.8~3.4V 0603 Light Emitting Diodes (LED) ROHS,35,5.601,Tape & Reel (TR),-,https://datasheet.lcsc.com/lcsc/1811141223_TOGIALED-TJ-S1608SW6TGLC2G-A5_C192316.pdf,https://assets.lcsc.com/images/lcsc/900x900/20230103_TOGIALED-TJ-S1608SW6TGLC2G-A5_C192316_front.jpg,"[{MountingType,Surface Mount},{Package/Case,LED 0603 }]"
Optoelectronics,Diodes,LTST-C191KGKT,Lite-On Inc.,LEDs,Green-yellow 567.5~576.5nm 0603 Light Emitting Diodes (LED) ROHS,74,5.601,Tape & Reel (TR),-,https://optoelectronics.liteon.com/upload/download/DS22-2000-228/LTST-C191KGKT.PDF,https://assets.lcsc.com/images/lcsc/900x900/20230102_Lite-On-LTST-C191KGKT_C125098_front.jpg,"[{MountingType,Surface Mount},{Package/Case,LED 0603 }]"
Optoelectronics,Diodes,WS2812B-Mini,Worldsemi,LEDs,"SMD,3.5x3.5mm New Arrivals ROHS",79,0,Tape & Reel (TR),-,http://www.world-semi.com/DownLoadProFile/202,http://www.world-semi.com/upload/productimg/201812011241570.jpg,"[{MountingType,Surface Mount},{Package/Case,SMD}]"
Discrete Semiconductors,Diodes,SS14,onsemi,Schottky Diodes,DIODE SCHOTTKY 40V 1A SMA,48,117.621,Tape & Reel (TR),-,https://www.onsemi.com/pdf/datasheet/ss19-d.pdf,https://media.digikey.com/Photos/Fairchild%20Semi%20Photos/S1J.jpg,"[{MountingType,Surface Mount},{Package/Case,DO-214AC (SMA)}]"
Discrete Semiconductors,Diodes,DFLS1100-7,Diodes Incorporated,Rectifier Diodes,Diode 100 V 1A Surface Mount PowerDI™ 123,3,114.8205,Tape & Reel (TR),-,https://www.diodes.com/assets/Datasheets/ds30497.pdf,https://media.digikey.com/Renders/Diodes%20Renders/POWERDI%20123.jpg,"[{MountingType,Surface Mount},{Package/Case,POWERDI123}]"
Discrete Semiconductors,Transistors,PBSS8110TVL,Nexperia USA Inc.,BJTs,PBSS8110T/SOT23/TO-236AB,3,137.2245,Tape & Reel (TR),-,https://assets.nexperia.com/documents/data-sheet/PBSS8110T.pdf,https://assets.nexperia.com/documents/outline-3d/sot23_3d.png,"[{MountingType,Surface Mount},{Package/Case,TO-236AB}]"
Discrete Semiconductors,Diodes,"BAL74,215",Nexperia USA Inc.,Rectifier Diodes,DIODE GEN PURP 50V 215MA,19,64.4115,Tape & Reel (TR),-,https://assets.nexperia.com/documents/data-sheet/BAL74.pdf,https://assets.nexperia.com/documents/outline-3d/sot23_3d.png,"[{MountingType,Surface Mount},{Package/Case,TO236AB}]"
Discrete Semiconductors,Diodes,S1A-13-F,Diodes Incorporated,Rectifier Diodes,DIODE GEN PURP 50V 1A SMA,3,72.813,Tape & Reel (TR),-,https://www.diodes.com/assets/Datasheets/ds16003.pdf,https://media.digikey.com/Renders/Diodes%20Renders/DO-214AA_SMB.jpg,"[{MountingType,Surface Mount},{Package/Case,SMA}]"
Discrete Semiconductors,Diodes,"PMEG3010ER,115",Nexperia USA Inc.,Rectifier Diodes,DIODE SCHOTTKY 30V 1A CFP3,39,117.621,Tape & Reel (TR),-,https://assets.nexperia.com/documents/data-sheet/PMEG3010ER.pdf,https://media.digikey.com/Renders/Nexperia/1727;SOD123W;;2.jpg,"[{MountingType,Surface Mount},{Package/Case,SOD-123W}]"
Discrete Semiconductors,Diodes,MBRM140T1G,onsemi,Schottky Diodes,DIODE SCHOTTKY 40V 1A,5,140.025,Tape & Reel (TR),-,https://www.onsemi.com/pdf/datasheet/mbrm140-d.pdf,https://media.digikey.com/photos/On%20Semi%20Photos/POWERMITE.jpg,"[{MountingType,Surface Mount},{Package/Case,DO-216AA}]"
Discrete Semiconductors,Diodes,MBR120VLSFT1G,onsemi,Schottky Diodes,DIODE SCHOTTKY 20V 1A,13,123.222,Tape & Reel (TR),-,https://www.onsemi.com/pdf/datasheet/mbr120vlsft1-d.pdf,https://media.digikey.com/Renders/On%20Semi%20Renders/SOD-123_498.jpg,"[{MountingType,Surface Mount},{Package/Case,SOD123FL}]"
Discrete Semiconductors,Diodes,SS34-E3/57T,"Vishay Intertechnology, Inc.",Rectifier Diodes,DIODE SCHOTTKY 40V 3A DO214AB,5,170.8305,Tape & Reel (TR),-,https://www.vishay.com/docs/88751/ss32.pdf,https://www.vishay.com/images/product-images/pt-large/88751-pt-large.jpg,"[{MountingType,Surface Mount},{Package/Case,DO-214AB (SMC)}]"
Circuit Protections,Diodes,SP3014-02UTG,Littelfuse Inc.,TVS Diodes,TVS DIODE 5VWM 6.8VC 6UDFN,1,0,Tape & Reel (TR),-,https://www.littelfuse.com/~/media/electronics/datasheets/tvs_diode_arrays/littelfuse_tvs_diode_array_sp3014_datasheet.pdf.pdf,https://media.digikey.com/Renders/Littelfuse%20Renders/AEC-Q101%206-UFDFN.jpg,"[{MountingType,Surface Mount},{Package/Case,6-µDFN (1.6x1)}]"
Discrete Semiconductors,Diodes,MMSZ5231BT1G,onsemi,Zener Diodes,DIODE ZENER 5.1V 500MW SOD123,6,67.212,Tape & Reel (TR),-,https://www.onsemi.com/pdf/datasheet/mmsz5221bt1-d.pdf,https://media.digikey.com/Renders/On%20Semi%20Renders/SOD-123_425.jpg,"[{MountingType,Surface Mount},{Package/Case,SOD-123}]"
Circuit Protections,Diodes,ESD9B3.3ST5G,onsemi,TVS Diodes,TVS DIODE 3.3VWM 11.5VC SOD923,16,72.813,Tape & Reel (TR),-,https://www.onsemi.cn/pdf/datasheet/esd9b-d.pdf,https://media.digikey.com/Renders/On%20Semi%20Renders/SOD-923_514AB.jpg,"[{MountingType,Surface Mount},{Package/Case,SOD-923}]"
Discrete Semiconductors,Diodes,BZD27C5V1P_R1_00001,"Vishay Intertechnology, Inc.",Zener Diodes,5.1V 5uA @ 1V 800mW SOD-123FL Zener Diodes ROHS,6,20.89173,Tape & Reel (TR),-,https://www.vishay.com/docs/85153/bzd27series.pdf,https://assets.lcsc.com/images/lcsc/900x900/20190216_PANJIT-International-BZD27C5V1P-R1-00001_C313479_front.jpg,"[{MountingType,Surface Mount},{Package/Case,SOD-123FL}]"
Discrete Semiconductors,Diodes,MBR120ESFT1G,onsemi,Schottky Diodes,20V 1A 530mV @ 1A Schottky Barrier Diodes (SBD) ROHS,5,37.946775,Tape & Reel (TR),-,https://www.onsemi.com/pdf/datasheet/mbr120esft1-d.pdf,https://assets.lcsc.com/images/lcsc/900x900/20181106_onsemi-MBR120ESFT1G_C236132_front.jpg,"[{MountingType,Surface Mount},{Package/Case,SOD-123FL}]"
Discrete Semiconductors,Diodes,MM3Z3V3CW,FMS(Formosa Microsemi),Zener Diodes,SOD-323 Zener Diodes ROHS,5,0,Tape & Reel (TR),-,https://datasheet.lcsc.com/lcsc/1809211348_FMS-Formosa-Microsemi-MM3Z3V3CW_C216102.pdf,https://assets.lcsc.com/images/lcsc/900x900/20180914_FMS-Formosa-Microsemi-MM3Z3V3CW_C216102_front.jpg,"[{MountingType,Surface Mount},{Package/Case,SOD-323}]"
Discrete Semiconductors,Diodes,"PMEG6010ER,115",Nexperia USA Inc.,Rectifier Diodes,DIODE SCHOTTKY 60V 1A SOD123W,4,126.0225,Tape & Reel (TR),-,https://assets.nexperia.com/documents/data-sheet/PMEG6010ER.pdf,https://media.digikey.com/Renders/Nexperia/1727;SOD123W;;2.jpg,"[{MountingType,Surface Mount},{Package/Case,SOD-123W}]"
Discrete Semiconductors,Diodes,B340AE-13,Diodes Incorporated,Rectifier Diodes,DIODE SCHOTTKY 40V 3A SMA,5,106.419,Tape & Reel (TR),-,https://www.diodes.com/assets/Datasheets/B320AE/B340AE.pdf,https://media.digikey.com/Renders/Diodes%20Renders/DO-214AA_SMB.jpg,"[{MountingType,Surface Mount},{Package/Case,SMA}]"
Optoelectronics,Diodes,NCD0402B1,Foshan NationStar Optoelectronics,LEDs,blue 0402 Light Emitting Diodes (LED) ROHS,10,11.230005,Tape & Reel (TR),-,https://datasheet.lcsc.com/lcsc/2008201033_Foshan-NationStar-Optoelectronics-NCD0402B1_C130724.pdf,https://assets.lcsc.com/images/lcsc/900x900/20230102_Foshan-NationStar-Optoelectronics-NCD0402B1_C130724_front.jpg,"[{MountingType,Surface Mount},{Package/Case,LED 0402}]"
Discrete Semiconductors,Diodes,1N5819HW-7-F,Diodes Incorporated,Rectifier Diodes,DIODE SCHOTTKY 40V 1A SOD123,5,120.4215,Tape & Reel (TR),-,https://www.diodes.com/assets/Datasheets/ds30217.pdf,https://media.digikey.com/Renders/Diodes%20Renders/31;%20SOD-123;%20;%202.jpg,"[{MountingType,Surface Mount},{Package/Case,SOD-123}]"
Discrete Semiconductors,Diodes,VS-12CWQ06FNTR-M3,"Vishay Intertechnology, Inc.",Rectifier Diodes,60V 790mV@12A 6A TO-252AA Schottky Barrier Diodes (SBD) ROHS,2,256.13373,Tape & Reel (TR),-,https://www.vishay.com/docs/93289/vs-12cwq06f.pdf,https://www.vishay.com/images/product-images/pt-large/93289-pt-large.jpg,"[{MountingType,Surface Mount},{Package/Case,TO-252AA}]"
Discrete Semiconductors,Diodes,BZT52C3V3S,Diodes Incorporated,Zener Diodes,5?A@1V 95? Single 3.1V~3.5V 200mW 3.3V SOD-323 Zener Diodes ROHS,29,6.469155,Tape & Reel (TR),-,https://www.diodes.com/assets/Datasheets/ds30093.pdf,https://assets.lcsc.com/images/lcsc/900x900/20230128_MSKSEMI-BZT52C3V3S_C2902888_back.jpg,"[{MountingType,Surface Mount},{Package/Case,SOD-323}]"
Optoelectronics,Diodes,APHHS1005QBC/D,Kingbright,LEDs,Standard LEDs - SMD Blue 470nm Water Clear,88,0,Tape & Reel (TR),-,https://eu.mouser.com/datasheet/2/216/APHHS1005QBC_D-54846.pdf,https://eu.mouser.com/images/kingbright/images/aphhs1005seck.jpg,"[{MountingType,Surface Mount},{Package/Case,0402 (1005 metric)}]"
Discrete Semiconductors,Diodes,B330B-13-F,Diodes Incorporated,Rectifier Diodes,30V 500mV@3A 3A SMB(DO-214AA) Schottky Barrier Diodes (SBD) ROHS,5,50.18496,Tape & Reel (TR),-,https://www.diodes.com/assets/Datasheets/B320BE-B345BE-B320CE-B345CE.pdf,https://assets.lcsc.com/images/lcsc/900x900/20180914_Diodes-Incorporated-B330B-13-F_C134450_front.jpg,"[{MountingType,Surface Mount},{Package/Case,SMB(DO-214AA)}]"
Integrated Circuits (ICs),Linear ICs,LM258N,STMicroelectronics,Op Amps,IC OPAMP GP 2 CIRCUIT 8DIP i/p 20nA o/p 40mA3V~30V,1,,Tube,"Automotive, AEC-Q100",https://www.st.com/resource/en/datasheet/lm258.pdf,https://media.digikey.com/Renders/~~Pkg.Case%20or%20Series/8-DIP.jpg,"[{MountingType,Through Hole},{Package/Case,8-DIP}]"
Integrated Circuits (ICs),Logic ICs,SN74HC164N,Texas Instruments,Shift Registers,IC 8-BIT SHIFT REGISTER 14-DIP2V ~ 6V,1,168.03,Tube,74HC,https://www.ti.com/lit/ds/symlink/sn74hc164.pdf,https://media.digikey.com/Photos/Texas%20Instr%20Photos/Mfg_296~4040049~N~14.jpg,"[{MountingType,Through Hole},{Package/Case,14-PDIP}]"
Integrated Circuits (ICs),Power Management ICs,MPREF02,Texas Instruments,Voltage References,Wide Supply Range 5-V Output Precision Voltage Reference 8-PDIP,4,,Tube,-,https://www.ti.com/lit/ds/symlink/ref02.pdf,https://www.ti.com/graphics/folders/partimages/REF02.jpg,"[{MountingType,Through Hole},{Package/Case,8-DIP}]"
Integrated Circuits (ICs),Logic ICs,CD4047BE,Texas Instruments,Latches,QUAD D LATCH 16-DIPD-Type Transparent Latch3V~18V,1,179.232,Tube,4000B,https://www.ti.com/lit/ds/symlink/cd4042b.pdf,https://media.digikey.com/Renders/~~Pkg.Case%20or%20Series/DIP16_SOT38-1%20Pkg.jpg,"[{MountingType,Through Hole},{Package/Case,16-DIP}]"
Integrated Circuits (ICs),Linear ICs,LM324N,Texas Instruments,Op Amps,IC OPAMP GP 4 CIRCUIT 14DIPi/p 45nA3V ~ 18V,3,134.424,Tube,LinCMOS™,https://www.ti.com/lit/ds/symlink/lm324.pdf,https://media.digikey.com/Renders/~~Pkg.Case%20or%20Series/14PDIP.jpg,"[{MountingType,Through Hole},{Package/Case,14-PDIP}]"
Integrated Circuits (ICs),Interface ICs,HT12D,Holtek,Decoders,Decoder 2/12 Series CMOS 2.4 V to 12 V DIP-18,1,,Tube,-,https://www.farnell.com/datasheets/57850.pdf,https://www.robomart.com/image/cache/catalog/RM0061/ht12d-ics-rm0061-by-robomart-109-500x500.jpg,"[{MountingType,Through Hole},{Package/Case,18-DIP}]"
Integrated Circuits (ICs),Logic ICs,MC14029BCP,onsemi,Counters,Counter Shift Registers 3-18V Binary/Decade,2,,Tube,4000B,https://www.onsemi.com/download/data-sheet/pdf/mc14029b-d.pdf,https://media.digikey.com/Renders/~~Pkg.Case%20or%20Series/DIP16_SOT38-1%20Pkg.jpg,"[{MountingType,Through Hole},{Package/Case,16-DIP}]"
Integrated Circuits (ICs),Logic ICs,SN74LS08N,Texas Instruments,Logic Gates,IC GATE AND 4CH 2-INP 14DIP4.75V ~ 5.25V,1,235.242,Tube,74LS,https://www.ti.com/lit/ds/symlink/sn74ls08.pdf,https://media.digikey.com/Photos/Texas%20Instr%20Photos/Mfg_296~4040049~N~14.jpg,"[{MountingType,Through Hole},{Package/Case,14-PDIP}]"
Integrated Circuits (ICs),Embedded Processors and Controllers,ATMLU2062ECL,,Microcontrollers,DIP 8,1,,Tube,AVR® ATtiny,,https://ae01.alicdn.com/kf/HTB1obBOIXXXXXXkXXXXq6xXFXXXy/ATMLU206-AT24C256B-PU-ATMLU206-2ECL-DIP8-IC-Jinmao-Long-Electronics.jpg,"[{MountingType,Through Hole},{Package/Case,8-DIP}]"
Integrated Circuits (ICs),Logic ICs,SN74LS266N,Texas Instruments,Logic Gates,IC GATE XNOR OPEN 4CH 2-IN 14DIP4.75V ~ 5.25V,1,473.2845,Tube,74LS,https://www.ti.com/lit/ds/sdls151/sdls151.pdf,https://media.digikey.com/Photos/Texas%20Instr%20Photos/Mfg_296~4040049~N~14.jpg,"[{MountingType,Through Hole},{Package/Case,14-PDIP}]"
Integrated Circuits (ICs),Logic ICs,CD4067BE,Texas Instruments,Mux/Demux,IC MUX/DEMUX 1X16 24DIP2400Ohm3V ~ 18V,2,,Tube,-,https://www.ti.com/lit/ds/symlink/cd4067b.pdf,https://media.digikey.com/Renders/Texas%20Instr%20Renders/N-24-DIP-Pkg.jpg,"[{MountingType,Through Hole},{Package/Case,24-PDIP}]"
Integrated Circuits (ICs),Transistors,ULN2003AN,Texas Instruments,Darlington,TRANS 7NPN DARL 50V 0.5A 16DIPPower Switch/Driver 1:1 NPN 500mA 16-PDIP,15,240.843,Tube,ULx200xA,https://www.ti.com/lit/ds/symlink/uln2003a.pdf,https://media.digikey.com/Renders/~~Pkg.Case%20or%20Series/DIP16_SOT38-1%20Pkg.jpg,"[{MountingType,Through Hole},{Package/Case,16-PDIP}]"
Integrated Circuits (ICs),Linear ICs,CA3140EZ,Renesas Electronics America Inc,Op Amps,IC OPAMP Genearal Purpose Amplifier 1 CIRCUIT 8DIPi/p 4mAo/p 40mA,4,968.973,Tube,-,https://www.renesas.com/us/en/document/dst/ca3140-ca3140a-datasheet,"https://media.digikey.com/Photos/Intersil%20Photos/MFG_8-PDIP,%20E8_3%20PKG.jpg","[{MountingType,Through Hole},{Package/Case,8-DIP}]"
Integrated Circuits (ICs),Interface ICs,MC14067BCP,onsemi,Mux/Demux,IC MUX/DEMUX 16X1 24DIP2400Ohm3V ~ 18V,2,,Tube,-,https://media.digikey.com/pdf/Data Sheets/ON Semiconductor PDFs/MC14067B Rev5.pdf,https://media.digikey.com/Renders/~~Pkg.Case%20or%20Series/24-Dip.jpg,"[{MountingType,Through Hole},{Package/Case,24-PDIP}]"
Integrated Circuits (ICs),Clock and Timing,DS1307,Analog Devices Inc./Maxim Integrated,Real Time Clocks,IC Real TIme Clock(RTC) CLK/CALENDAR I2C 8-DIP4.5V ~ 5.5V,1,,Tube,-,https://www.analog.com/media/en/technical-documentation/data-sheets/ds1307.pdf,https://media.digikey.com/Renders/~~Pkg.Case%20or%20Series/8-DIP.jpg,"[{MountingType,Through Hole},{Package/Case,8-DIP}]"
Integrated Circuits (ICs),Interface ICs,HT12E,Holtek,Encoders,Encoder CMOS 2.4 V to 12 V DIP-18,2,,Tube,-,https://www.farnell.com/datasheets/1899539.pdf,https://th.bing.com/th/id/OIP.hLQfUMLqRSWi2ndSp56sjgHaHa?pid=ImgDet&rs=1,"[{MountingType,Through Hole},{Package/Case,18-DIP}]"
Integrated Circuits (ICs),Embedded Processors and Controllers,ATTINY2313A-PU,Microchip Technology,Microcontrollers,IC MCU 8BIT 2KB FLASH 20DIP20MHz 2KB(1K x 16) FLASH,1,551.6985,Tube,AVR® ATtiny,https://ww1.microchip.com/downloads/aemDocuments/documents/OTH/ProductDocuments/DataSheets/8246S.pdf,https://media.digikey.com/Renders/~~Pkg.Case%20or%20Series/20-DIP.jpg,"[{MountingType,Through Hole},{Package/Case,20-DIP}]"
Integrated Circuits (ICs),Embedded Processors and Controllers,PIC16F877A-I/P,Microchip Technology,Microcontrollers,IC MCU 8BIT 14KB FLASH 40DIP20MHz (8K x 14) FLASH,2,2175.9885,Tube,PIC® 16F,https://ww1.microchip.com/downloads/aemDocuments/documents/MCU08/ProductDocuments/DataSheets/39582C.pdf,"https://media.digikey.com/Renders/Microchip%20Tech%20Renders/150~C04-016~P,%20PL~40.JPG","[{MountingType,Through Hole},{Package/Case,40-DIP}]"
Integrated Circuits (ICs),Transistors,ULN2803APGCN,Toshiba Semiconductor and Storage,BJTs,TRANS BJT 8NPN DARL 50V 0.5A 1.47W 500mA18 DIP,2,,Tube,-,https://media.digikey.com/pdf/Data Sheets/Toshiba PDFs/ULN2803-04APG_AFWG_11-26-12.pdf,https://media.digikey.com/Renders/~~Pkg.Case%20or%20Series/18-DIP.jpg,"[{MountingType,Through Hole},{Package/Case,18-DIP}]"
Optoelectronics,Optocouplers,4N35,Lite-On Inc.,Isolator,Opto Isolator(OPTOISO) Transistor 3.55KV/Vrms TRANS W/BASE 6DIP,5,128.823,Tube,4N3X,https://optoelectronics.liteon.com/upload/download/DS-70-99-0012/4N3X%20Series%201115.PDF,https://media.digikey.com/photos/Lite%20On%20Photos/160-6-DIP.jpg,"[{MountingType,Through Hole},{Package/Case,6-DIP}]"
Optoelectronics,Optocouplers,TLP521-2X,Isocom Components 2004 LTD,Isolator,Opto Isolator(OPTOISO) 5.3KV/Vrms 2CH TRANS 8DIP,8,238.0425,Tube,-,https://www.digikey.com/en/htmldatasheets/production/1699418/0/0/1/tlp521-2-4.html,https://media.digikey.com/Photos/Isocom/8-DIP.jpg,"[{MountingType,Through Hole},{Package/Case,8-DIP}]"
Integrated Circuits (ICs),Linear ICs,LM308N,Texas Instruments,Op Amps,General Purpose Amplifier 7.5 mV7 nA,1,,Tube,-,https://www.ti.com/lit/ds/symlink/lm318.pdf,https://eu.mouser.com/images/texasinstruments/images/TI_PDIP_8.jpg,"[{MountingType,Through Hole},{Package/Case,8-DIP}]"
Integrated Circuits (ICs),Interface ICs,SN74LS147N,Texas Instruments,Encoders,Encoders Decoders Multiplexers & Demultiplexers 10-Line to 4-Line BCD Priority Encoder4.75 to 5.25 V,3,,Tube,74LS,https://octopart.com/datasheet/sn74ls00n-onsemi-92417?utm_source=bing&utm_medium=cpc&utm_campaign=b_cpc_intl_search_dsa_english_en_usd_datasheets&utm_term=datasheet&utm_content=Intl%20Datasheet%20DSA,https://eu.mouser.com/images/texasinstruments/images/ITP_TI_PDIP-16_N_t.jpg,"[{MountingType,Through Hole},{Package/Case,16-PDIP}]"
Optoelectronics,Optocouplers,PC817X2NSZ1B,Sharp Microelectronics,Coupler,Transistor Output Optocouplers PhotocouplerIf 50mA Vf 1.4VSMD/SMT,16,196.035,Tube,-,https://eu.mouser.com/datasheet/2/365/PC817XxNSZ1B_07Oct16_Spec_ED-16P010-1360269.pdf,https://eu.mouser.com/images/sharpmicroelectronics/images/pc123.jpg,"[{MountingType,Through Hole},{Package/Case,4-DIP}]"
Integrated Circuits (ICs),Embedded Processors and Controllers,PIC16F676-I/P,Microchip Technology,Microcontrollers,IC MCU 8BIT 1.75KB FLASH 14DIP 20MHz,2,644.115,Tube,PIC® 16F,https://ww1.microchip.com/downloads/aemDocuments/documents/MCU08/ProductDocuments/DataSheets/40039F.pdf,"https://media.digikey.com/Renders/Microchip%20Tech%20Renders/150~C04-005~P,-PD~14.JPG","[{MountingType,Through Hole},{Package/Case,14-PDIP}]"
Integrated Circuits (ICs),Clock and Timing,HA17555F-E,Renesas Electronics America Inc,Timers,PRECISION TIMER,9,,Tube,TC,https://rocelec.widen.net/view/pdf/lj7lzhtnml/RNSAS04101-1.pdf?t.download=true&u=5oefqw,https://media.digikey.com/Photos/Rochester/MFG_FW257-TL-E.jpg,"[{MountingType,Through Hole},{Package/Case,8-DIP}]"
Integrated Circuits (ICs),Clock and Timing,TLC555CP,Texas Instruments,Timers,Timers & Support Products CMOS PDIP-8 100mA1000mW2 to 15V,3,252.045,Tube,TLC555,https://www.ti.com/lit/ds/symlink/tlc555.pdf,https://eu.mouser.com/images/texasinstruments/sm/TI_PDIP_8.jpg,"[{MountingType,Through Hole},{Package/Case,8-DIP}]"
Integrated Circuits (ICs),Logic ICs,HD74LS08P,Renesas Electronics America Inc,Logic Gates,Quadrupler 2-input Positive AND Gate 14DIP,3,,Tube,74LS,https://www.renesas.com/us/en/document/dst/hd74ls08-datasheet?r=526061,https://www.ti.com/content/dam/ticom/images/products/package/d/d0014a.png:large,"[{MountingType,Through Hole},{Package/Case,14-PDIP}]"
Integrated Circuits (ICs),Linear ICs,CA3130E,Renesas Electronics America Inc,Op Amps,IC OPAMP GP 1 CIRCUIT 8DIP 5 to 16V 10mA,1,,Tube,-,https://www.renesas.com/us/en/document/dst/ca3130-ca3130a-datasheet,"https://media.digikey.com/Photos/Intersil%20Photos/MFG_8-PDIP,%20E8_3%20PKG.jpg","[{MountingType,Through Hole},{Package/Case,8-DIP}]"
Integrated Circuits (ICs),Logic ICs,MM74HC32N,onsemi,Logic Gates,IC GATE OR 4CH 2-INP 14DIP2V ~ 6V,1,,Tube,74HC,https://www.onsemi.com/download/data-sheet/pdf/mm74hc32-d.pdf,https://media.digikey.com/Renders/~~Pkg.Case%20or%20Series/14PDIP.jpg,"[{MountingType,Through Hole},{Package/Case,14-PDIP}]"
Integrated Circuits (ICs),Linear ICs,MCP6002-I/P,Microchip Technology,Op Amps,IC OPAMP GP 2 CIRCUIT 8DIP100µA (x2 Channels),8,131.6235,Tube,-,https://ww1.microchip.com/downloads/aemDocuments/documents/MSLD/ProductDocuments/DataSheets/MCP6001-1R-1U-2-4-1-MHz-Low-Power-Op-Amp-DS20001733L.pdf,"https://media.digikey.com/Renders/Microchip%20Tech%20Renders/150~C04-018~P,%20PA~8.JPG","[{MountingType,Through Hole},{Package/Case,8-DIP}]"
Integrated Circuits (ICs),Logic ICs,MC14042BCP,onsemi,Latches,Quad Transparent Latch D FLIP-FLOPOutput Differential3V~18V,1,,Tube,4000B,https://www.onsemi.com/download/data-sheet/pdf/mc14042b-d.pdf,https://media.digikey.com/Renders/~~Pkg.Case%20or%20Series/DIP16_SOT38-1%20Pkg.jpg,"[{MountingType,Through Hole},{Package/Case,16-DIP}]"
Integrated Circuits (ICs),Logic ICs,SN74HC245N,Texas Instruments,Transceivers,IC TXRX NON-INVERT 2V ~ 6V  20DIP,3,226.8405,Tube,74HC,https://www.ti.com/lit/ds/symlink/sn74hc245.pdf,https://media.digikey.com/Photos/Texas%20Instr%20Photos/296~4040049~N~20.jpg,"[{MountingType,Through Hole},{Package/Case,20-PDIP}]"
Integrated Circuits (ICs),Embedded Processors and Controllers,ATMEGA8A-PU,Microchip Technology,Microcontrollers,IC MCU 8BIT 8KB FLASH 28DIP 16 MHzVcc/Vdd 2.7V ~ 5.5V,3,918.564,Tube,AVR® ATmega,https://ww1.microchip.com/downloads/aemDocuments/documents/MCU08/ProductDocuments/DataSheets/ATmega8A-Data-Sheet-DS40001974B.pdf,https://media.digikey.com/Renders/~~Pkg.Case%20or%20Series/28-PDip.jpg,"[{MountingType,Through Hole},{Package/Case,28-PDIP}]"
Integrated Circuits (ICs),Logic ICs,MAX232CPE,Texas Instruments,Transceiver IC,IC TRANSCEIVER FULL 2/2 16DIPRS 2324.5V~5.5V,1,,Tube,-,https://www.ti.com/lit/ds/symlink/max232.pdf,https://media.digikey.com/Renders/Maxim%20Renders/16-DIP.jpg,"[{MountingType,Through Hole},{Package/Case,16-PDIP}]"
Integrated Circuits (ICs),Signal Switches,TC4066BP-NF,Toshiba Semiconductor and Storage,Switches,IC Quad FET BILATERAL SW 1 X 1:1 14DIP 3V ~ 18V,2,145.626,Tube,,https://toshiba.semicon-storage.com/info/TC4066BP_datasheet_en_20170718.pdf?did=18812&prodName=TC4066BP,https://media.digikey.com/Renders/~~Pkg.Case%20or%20Series/14PDIP.jpg,"[{MountingType,Through Hole},{Package/Case,14-PDIP}]"
Electromechanical,Motor and Drives,L297/1,STMicroelectronics,Motor Drives,IC  Stepper MOTOR DRVR BIPLR/UNIPLR 20DIP4.75V ~ 7V,1,5026.8975,Tube,-,https://www.st.com/resource/en/datasheet/l297.pdf,https://media.digikey.com/Renders/~~Pkg.Case%20or%20Series/20-DIP.jpg,"[{MountingType,Through Hole},{Package/Case,20-DIP}]"
Integrated Circuits (ICs),Power Management ICs,IR2110,Infineon Technologies,Gate Drivers,IC GATE DRVR HALF-BRIDGE IGBT N-CHANNEL MOSFET 14DIP4.75V ~ 7V,3,,Tube,-,https://www.infineon.com/dgdl/Infineon-IR2110-DataSheet-v01_00-EN.pdf,https://media.digikey.com/Renders/~~Pkg.Case%20or%20Series/14PDIP.jpg,"[{MountingType,Through Hole},{Package/Case,14-PDIP}]"
Integrated Circuits (ICs),Linear ICs,TL071CP,Texas Instruments,Op Amps,IC OPAMP JFET 1 CIRCUIT 8DIP,5,145.626,Tube,-,https://www.ti.com/lit/ds/symlink/tl071.pdf,https://media.digikey.com/Photos/Rochester/MFG_TC254P.jpg.jpg,"[{MountingType,Through Hole},{Package/Case,8-DIP}]"
Integrated Circuits (ICs),Power Management ICs,KA3525A,onsemi,Voltage Regulators,IC REG CTRLR 16DIPTRANSISTOR DRIVERVcc/Vdd-7V~20V,1,417.2745,Tube,-,https://www.onsemi.com/pdf/datasheet/ka3525a-d.pdf,https://media.digikey.com/Renders/On%20Semi%20Renders/488;MKT-N16E;;16.jpg,"[{MountingType,Through Hole},{Package/Case,16-PDIP}]"
Integrated Circuits (ICs),Logic ICs,CD4013BCN,onsemi,Flip Flops,IC FF D-TYPE DUAL 1BIT 14DIP3V ~ 15V,1,,Tube,4000B,https://www.digikey.com/en/htmldatasheets/production/63884/0/0/1/cd4013bc.html,https://media.digikey.com/Renders/~~Pkg.Case%20or%20Series/14PDIP.jpg,"[{MountingType,Through Hole},{Package/Case,14-MDIP}]"
Integrated Circuits (ICs),Logic ICs,SN74LS32N,Texas Instruments,Logic Gates,IC GATE OR 4CH 2-INP 14DIP4.75V ~ 5.25V,1,224.04,Tube,74LS,https://www.ti.com/lit/ds/symlink/sn74ls32.pdf,https://media.digikey.com/Photos/Texas%20Instr%20Photos/Mfg_296~4040049~N~14.jpg,"[{MountingType,Through Hole},{Package/Case,14-PDIP}]"
Integrated Circuits (ICs),Embedded Processors and Controllers,PIC16F886-I/SP,Microchip Technology,Microcontrollers,IC MCU 8BIT 14KB FLASH 28SPDIP20MHz,1,924.165,Tube,PIC® 16F,https://ww1.microchip.com/downloads/aemDocuments/documents/OTH/ProductDocuments/DataSheets/40001291H.pdf,"https://media.digikey.com/Renders/Microchip%20Tech%20Renders/150;C04-070;%20SP,PJ;28.jpg","[{MountingType,Through Hole},{Package/Case,28-PDIP}]"
Integrated Circuits (ICs),Power Management ICs,L293D,STMicroelectronics,Motor Drivers,IC MTR DRV BIPLR BRUSHED DC4.5-36V600mA16PWRDIP,1,2386.026,Tube,-,https://www.st.com/resource/en/datasheet/l293d.pdf,https://media.digikey.com/Renders/~~Pkg.Case%20or%20Series/DIP16_SOT38-1%20Pkg.jpg,"[{MountingType,Through Hole},{Package/Case,16-DIP}]"
Integrated Circuits (ICs),Data Converter ICs,DS1267-010,Analog Devices Inc./Maxim Integrated,Digital Potentiometers,IC DGTL POT 10KOHM 256TAP 14DIP,1,,Tube,-,https://www.analog.com/media/en/technical-documentation/data-sheets/DS1267.pdf,https://media.digikey.com/photos/Maxim%20Photos/175-14-DIP.jpg,"[{MountingType,Through Hole},{Package/Case,14-PDIP}]"
Integrated Circuits (ICs),Embedded Processors and Controllers,AT89C51-24PI,Microchip Technology,Microcontrollers,IC MCU 8BIT 4KB FLASH 40DIP24MHz,2,,Tube,89C,https://ww1.microchip.com/downloads/en/DeviceDoc/doc0265.pdf,https://media.digikey.com/Renders/Microchip%20Tech%20Renders/150~40P6~~40.JPG,"[{MountingType,Through Hole},{Package/Case,40-PDIP}]"
Integrated Circuits (ICs),Logic ICs,HCF4050BE,STMicroelectronics,Buffers,IC BUFFER NON-INVERT 3 to 20V 16DIP,3,,Tube,4000B,https://www.st.com/resource/en/datasheet/hcc4050b.pdf,https://media.digikey.com/Renders/~~Pkg.Case%20or%20Series/DIP16_SOT38-1%20Pkg.jpg,"[{MountingType,Through Hole},{Package/Case,16-DIP}]"
Integrated Circuits (ICs),Linear ICs,UA741CN,STMicroelectronics,Op Amps,IC OPAMP GP 1 CIRCUIT 8DIP. 1.7mA,8,,Tube,-,https://www.st.com/resource/en/datasheet/ua741.pdf,https://media.digikey.com/Renders/~~Pkg.Case%20or%20Series/8-DIP.jpg,"[{MountingType,Through Hole},{Package/Case,8-DIP}]"
Discrete Semiconductors,Transistors,2N3904,"NTE Electronics, Inc",BJTs,DIE TRANS BJT NPN SMALL SIGNAL 40VPmax625 mW,1,33.606,Tube,-,https://www.nteinc.com/specs/original/2N3904.pdf,https://media.digikey.com/Photos/NTE-Electronics/MFG_2N3904.jpg,"[{MountingType,Through Hole},{Package/Case,TO-92-3}]"
Discrete Semiconductors,Transistors,BC548,"NTE Electronics, Inc",BJTs,TRANS BJT NPN 30V 0.1A TO-92 Pmax 500mW,1,,Tube,-,https://www.nteinc.com/specs/100to199/pdf/nte123ap.pdf,https://media.digikey.com/Photos/NTE-Electronics/MFG_2N3904.jpg,"[{MountingType,Through Hole},{Package/Case,TO-92-3}]"
Discrete Semiconductors,Transistors,C8850,USHA India Ltd,BJTs,Transistor C8550 2W output,1,,Tube,-,https://www.alldatasheet.com/datasheet-pdf/pdf/83743/ETC/C8550.html,https://media.digikey.com/Photos/NTE-Electronics/MFG_2N3904.jpg,"[{MountingType,Through Hole},{Package/Case,TO-92-3}]"
Integrated Circuits (ICs),Embedded Processors and Controllers,PIC16F883-I/SP,Microchip Technology,Microcontrollers,8 bit CMOS microcontrollerPIC PIC® 16F Microcontroller IC 8-Bit 20MHz 7KB (4K x 14) FLASH 28-SPDIP,3,865.3545,Tube,PIC® 16F,https://ww1.microchip.com/downloads/aemDocuments/documents/OTH/ProductDocuments/DataSheets/40001291H.pdf,"https://media.digikey.com/Renders/Microchip%20Tech%20Renders/150;C04-070;%20SP,PJ;28.jpg","[{MountingType,Through Hole},{Package/Case,40-PDIP}]"
Sensors,Optical Sensors,KY-022,joy-it,INFRARED RECEIVER,3-pin SKU MOD-19 KY-022 Arduino Infrared Sensor Infrared Receiver Module 38khz Receiver,1,150,,,https://sensorkit.joy-it.net/en/sensors/ky-022,https://sensorkit.joy-it.net/en/sensors/ky-022,"[{MountingType,Through Hole},{Package/Case,-}]"
Sensors,Optical Sensors,KY-032,joy-it,OBSTACLE DETECTOR,4-pin KY-032 IR Infrared Obstacle Avoidance Sensor  withc 74HC00D NAND GATE,1,400,,,https://sensorkit.joy-it.net/en/sensors/ky-032,https://sensorkit.joy-it.net/en/sensors/ky-032,"[{MountingType,Through Hole},{Package/Case,-}]"
Sensors,Magnetic Sensors,KY-021,joy-it,MINI REED MAGNETIC SWITCHES,3-pin Reed Switch Sensor Module KY-021,1,700,,,https://sensorkit.joy-it.net/en/sensors/ky-021,https://sensorkit.joy-it.net/en/sensors/ky-021,"[{MountingType,Through Hole},{Package/Case,-}]"
Sensors,Optical Sensors,KY-026,joy-it,ANALOG FLAME SENSOR,4-pin Flame Sensor Module (KY-026) with comparator IC LM393,1,200,,,https://sensorkit.joy-it.net/en/sensors/ky-026,https://sensorkit.joy-it.net/en/sensors/ky-026,"[{MountingType,Through Hole},{Package/Case,-}]"
Sensors,Temperature and Humidity Sensors,KY-028,joy-it,TEMPERATURE SENSOR (THERMISTOR),4-pin KY-028 Digital Temperature Sensor with LM393,1,100,,,https://sensorkit.joy-it.net/en/sensors/ky-028,https://sensorkit.joy-it.net/en/sensors/ky-028,"[{MountingType,Through Hole},{Package/Case,-}]"
Sensors,,KY-038,joy-it,MICROPHONE SOUND SENSOR (HIGH SENSITIVITY),4pin KY-038 small microphone sound sensor  with LM393,2,400,,,https://sensorkit.joy-it.net/en/sensors/ky-038,https://sensorkit.joy-it.net/en/sensors/ky-038,"[{MountingType,Through Hole},{Package/Case,-}]"
Sensors,Magnetic Sensors,KY-035,joy-it,BIHOR MAGNETIC SENSOR,3-pin KY-035 Analog Hall Magnetic Sensor with LINEAR HALL-EFFECT IC (AH49E),1,150,,,https://sensorkit.joy-it.net/en/sensors/ky-035,https://sensorkit.joy-it.net/en/sensors/ky-035,"[{MountingType,Through Hole},{Package/Case,-}]"
Integrated Circuits (ICs),Embedded Processors and Controllers,-,-,ADC I2C MODULE,ADS1115 4 CHANNEL 16 BIT ADC I2C MODULE - PGA PROGRAMMABLE GAIN AMPLIFIER - ARDUINO,1,,,,,https://katodo.com/576-large_default/ads1115-4-channel-16-bit-adc-i2c-module-pga-programmable-gain-amplifier-arduino.jpg,"[{MountingType,Through Hole},{Package/Case,-}]"
Sensors,Temperature and Humidity Sensors,KY-008,joy-it,LASER TRANSMITTER MODULE,3-pin KY-008 650nm Laser sensor Module 6mm 5V 5mW Red Laser Dot Diode Copper Head ,1,150,,,https://arduinomodules.info/ky-008-laser-transmitter-module/,https://arduinomodules.info/ky-008-laser-transmitter-module/,"[{MountingType,Through Hole},{Package/Case,-}]"
Sensors,Magnetic Sensors,KY-025,joy-it,"ANALOG, MAGNETIC REED SENSOR",4-pin KY-025 MINI Magnetic Smart Car Reed Switch Sensor,1,150,,,https://sensorkit.joy-it.net/en/sensors/ky-025,https://sensorkit.joy-it.net/en/sensors/ky-025,"[{MountingType,Through Hole},{Package/Case,-}]"
Sensors,,KY-005,joy-it,INFRARED TRANSMITTER,3-pin Infrared emission sensor KY-005,1,150,,,https://sensorkit.joy-it.net/en/sensors/ky-005,https://sensorkit.joy-it.net/en/sensors/ky-005,"[{MountingType,Through Hole},{Package/Case,-}]"
Sensors,Temperature and Humidity Sensors,KY-013,joy-it,TEMPERATURE SENSOR (NTC),3-pin Analog Temperature Sensor Module Arduino Raspberry Pi,1,860,,,https://sensorkit.joy-it.net/en/sensors/ky-013,https://sensorkit.joy-it.net/en/sensors/ky-013,"[{MountingType,Through Hole},{Package/Case,-}]"
Sensors,,KY-027,joy-it,MAGIC LIGHT CUP,4-pin KY-027 Magic Cup Light Module Compatible with Arduino & NodeMCU,2,200,,,https://sensorkit.joy-it.net/en/sensors/ky-027,https://sensorkit.joy-it.net/en/sensors/ky-027,"[{MountingType,Through Hole},{Package/Case,-}]"
Electromechanical,Switching Devices,KY-020,joy-it,TILT SWITCH,3-pin Tilt Switch Sensor Rolling Ball Tilt Switch Module KY-020 For UNO Mega PIC AVR Raspberry pi,1,500,,,https://sensorkit.joy-it.net/en/sensors/ky-020,https://sensorkit.joy-it.net/en/sensors/ky-020,"[{MountingType,Through Hole},{Package/Case,-}]"
Sensors,,KY-031,joy-it,KNOCK SENSOR,3-pin Tap Sensor Module for Arduino KY-031,1,100,,,https://sensorkit.joy-it.net/en/sensors/ky-031,https://sensorkit.joy-it.net/en/sensors/ky-031,"[{MountingType,Through Hole},{Package/Case,-}]"
Sensors,,KY-039,joy-it,HEARTBEAT SENSOR,3-pin KY-039 5V FINGER DETECTION HEARTBEAT SENSOR,1,200,,,https://sensorkit.joy-it.net/en/sensors/ky-039,https://sensorkit.joy-it.net/en/sensors/ky-039,"[{MountingType,Through Hole},{Package/Case,-}]"
Sensors,Flow Sensors,-,-,MERCURY TILT SWITCH,3-pins Mercury Tilt sensor ,1,150,,,https://electrosome.com/interfacing-mercury-tilt-switch-arduino-uno/,https://electrosome.com/interfacing-mercury-tilt-switch-arduino-uno/,"[{MountingType,Through Hole},{Package/Case,-}]"
Sensors,,KY-006,joy-it,PASSIVE PIEZO-BUZZER, 3-pin Passive Buzzer Sensor Alarm Module for Arduino KY-006 KY-012 DIY Kit,1,150,,,https://sensorkit.joy-it.net/en/sensors/ky-006,https://sensorkit.joy-it.net/en/sensors/ky-006,"[{MountingType,Through Hole},{Package/Case,-}]"
Sensors,,KY-012,joy-it,ACTIVE PIEZO-BUZZER, 3-pin Passive Buzzer Sensor Alarm Module for Arduino KY-006 KY-012 DIY Kit,1,150,,,https://sensorkit.joy-it.net/en/sensors/ky-012,https://sensorkit.joy-it.net/en/sensors/ky-012,"[{MountingType,Through Hole},{Package/Case,-}]"
Sensors,Optical Sensors,KY-011,joy-it,2-COLOR 5MM LED,3-pin Two-color LED module 5MM for arduino sensor,2,340,,,https://sensorkit.joy-it.net/en/sensors/ky-011,https://sensorkit.joy-it.net/en/sensors/ky-011,"[{MountingType,Through Hole},{Package/Case,-}]"
Sensors,,KY-002,joy-it,VIBRATION SWITCH,3-pin Shock Sensor Module,1,230,,,https://sensorkit.joy-it.net/en/sensors/ky-002,https://sensorkit.joy-it.net/en/sensors/ky-002,"[{MountingType,Through Hole},{Package/Case,-}]"
Electromechanical,,KY-040,joy-it,ROTARY ENCODER,5-pin KY-040 Rotary Encoder Sensor Module ,1,150,,,https://sensorkit.joy-it.net/en/sensors/ky-040,https://sensorkit.joy-it.net/en/sensors/ky-040,"[{MountingType,Through Hole},{Package/Case,-}]"
Sensors,,KY-033,joy-it,LINE TRACKING SENSOR,3-pin TCRT5000 Single Channel Line Tracking Sensor with LM393,1,100,,,https://sensorkit.joy-it.net/en/sensors/ky-033,https://sensorkit.joy-it.net/en/sensors/ky-033,"[{MountingType,Through Hole},{Package/Case,-}]"
Electromechanical,Switching Devices,KY-019,joy-it,5V RELAYS,3-pin KY-019 RELAY MODULE,1,150,,,https://sensorkit.joy-it.net/en/sensors/ky-019,https://sensorkit.joy-it.net/en/sensors/ky-019,"[{MountingType,Through Hole},{Package/Case,-}]"
Electromechanical,Switching Devices,KY-023,joy-it,JOYSTICK (X-Y-AXIS),5-pin Joystick Control Lever Sensor KY-023 ,1,150,,,https://sensorkit.joy-it.net/en/sensors/ky-023,https://sensorkit.joy-it.net/en/sensors/ky-023,"[{MountingType,Through Hole},{Package/Case,-}]"
Sensors,Magnetic Sensors,KY-024,joy-it,"LINEAR, MAGNETIC HALL SENSOR",4-pin Linear Hall Effect Sensor Module with LINEAR HALL-EFFECT IC (AH49E) KY-024,1,370,,,https://sensorkit.joy-it.net/en/sensors/ky-024,https://sensorkit.joy-it.net/en/sensors/ky-024,"[{MountingType,Through Hole},{Package/Case,-}]"
Sensors,Proximity Sensors,KY-036,joy-it,METAL TOUCH SENSOR,4-pin  Human Body Touch Sensor Module with LM393 KY-036,1,100,,,https://sensorkit.joy-it.net/en/sensors/ky-036,https://sensorkit.joy-it.net/en/sensors/ky-036,"[{MountingType,Through Hole},{Package/Case,-}]"
Sensors,Optical Sensors,KY-016,joy-it,RGB 5MM LED,Full Color RGB LED Arduino Sensor Module DC 5V Common Cathode Driver With 4 Pins,2,150,,,https://sensorkit.joy-it.net/en/sensors/ky-016,https://sensorkit.joy-it.net/en/sensors/ky-016,"[{MountingType,Through Hole},{Package/Case,-}]"
Sensors,Voltage Sensors,-,,VOLTAGE SENSOR MODULE,ZMPT101B Voltage Sensor with Arduino with LM358,1,,,,https://electropeak.com/learn/interfacing-zmpt101b-voltage-sensor-with-arduino/,https://electropeak.com/learn/interfacing-zmpt101b-voltage-sensor-with-arduino/,"[{MountingType,Through Hole},{Package/Case,-}]"
Electromechanical,Switching Devices,KY-004,joy-it,BUTTON,3-Pin KY-004 Button Key Switch Sensor,1,100,,,https://sensorkit.joy-it.net/en/sensors/ky-004,https://sensorkit.joy-it.net/en/sensors/ky-004,"[{MountingType,Through Hole},{Package/Case,-}]"
Sensors,Temperature and Humidity Sensors,KY-001,joy-it,TEMPERATURE SENSOR (DS18B20),3-pin DS18B20 Temperature Sensor Module,1,150,,,https://sensorkit.joy-it.net/en/sensors/ky-001,https://sensorkit.joy-it.net/en/sensors/ky-001,"[{MountingType,Through Hole},{Package/Case,-}]"
Sensors,Magnetic Sensors,KY-003,joy-it,HALL MAGNETIC FIELD SENSOR,3-pin Hall-Effect Sensor Digital IC A3144 KY-003,1,150,,,https://sensorkit.joy-it.net/en/sensors/ky-003,https://sensorkit.joy-it.net/en/sensors/ky-003,"[{MountingType,Through Hole},{Package/Case,-}]"
Sensors,Optical Sensors,KY-009,joy-it,RGB SMD-LED,4-pin LED RGB SMD Module KY-009,1,100,,,https://sensorkit.joy-it.net/en/sensors/ky-009,https://sensorkit.joy-it.net/en/sensors/ky-009,"[{MountingType,Through Hole},{Package/Case,-}]"
Sensors,,KY-010,joy-it,LIGHT BARRIER,3-pin Light Barrier Interrupted Module,2,150,,,https://sensorkit.joy-it.net/en/sensors/ky-010,https://sensorkit.joy-it.net/en/sensors/ky-010,"[{MountingType,Through Hole},{Package/Case,-}]"
Sensors,,KY-037,joy-it,MICROPHONE SOUND SENSOR,4pin KY-037 small microphone sound sensor  with LM393,1,150,,,https://sensorkit.joy-it.net/en/sensors/ky-037,https://sensorkit.joy-it.net/en/sensors/ky-037,"[{MountingType,Through Hole},{Package/Case,-}]"
Sensors,Optical Sensors,KY-022,joy-it,INFRARED RECEIVER,3-pin SKU MOD-19 KY-022 Arduino Infrared Sensor Infrared Receiver Module 38khz Receiver,1,150,,,,,
Sensors,Optical Sensors,KY-032,joy-it,OBSTACLE DETECTOR,4-pin KY-032 IR Infrared Obstacle Avoidance Sensor  withc 74HC00D NAND GATE,1,400,,,,,
Sensors,Magnetic Sensors,KY-021,joy-it,MINI REED MAGNETIC SWITCHES,3-pin Reed Switch Sensor Module KY-021,1,700,,,,,
Sensors,Optical Sensors,KY-026,joy-it,ANALOG FLAME SENSOR,4-pin Flame Sensor Module (KY-026) with comparator IC LM393,1,200,,,,,
Sensors,Temperature and Humidity Sensors,KY-028,joy-it,TEMPERATURE SENSOR (THERMISTOR),4-pin KY-028 Digital Temperature Sensor with LM393,1,100,,,,,
Sensors,,KY-037,joy-it,MICROPHONE SOUND SENSOR (HIGH SENSITIVITY),4pin KY-037 small microphone sound sensor  with LM393,1,150,,,,,
Sensors,Magnetic Sensors,KY-035,joy-it,BIHOR MAGNETIC SENSOR,3-pin KY-035 Analog Hall Magnetic Sensor with LINEAR HALL-EFFECT IC (AH49E),1,150,,,,,
Sensors,Optical Sensors,KY-018,joy-it,PHOTORESISTOR,KY-018 LDR PHOTORESISTOR SENSOR MODULE,1,150,,,,,
Sensors,Temperature and Humidity Sensors,KY-008,joy-it,LASER TRANSMITTER MODULE,3-pin KY-008 650nm Laser sensor Module 6mm 5V 5mW Red Laser Dot Diode Copper Head ,1,150,,,,,
Sensors,Magnetic Sensors,KY-025,joy-it,"ANALOG, MAGNETIC REED SENSOR",4-pin KY-025 MINI Magnetic Smart Car Reed Switch Sensor,1,150,,,,,
Sensors,,KY-005,joy-it,INFRARED TRANSMITTER,3-pin Infrared emission sensor KY-005,1,150,,,,,
Sensors,Temperature and Humidity Sensors,KY-013,joy-it,TEMPERATURE SENSOR (NTC),3-pin Analog Temperature Sensor Module Arduino Raspberry Pi,1,860,,,,,
Sensors,,KY-027,joy-it,MAGIC LIGHT CUP,4-pin KY-027 Magic Cup Light Module Compatible with Arduino & NodeMCU,2,200,,,,,
Electromechanical,Switching Devices,KY-020,joy-it,TILT SWITCH,3-pin Tilt Switch Sensor Rolling Ball Tilt Switch Module KY-020 For UNO Mega PIC AVR Raspberry pi,1,150,,,,,
Sensors,,KY-031,joy-it,KNOCK SENSOR,3-pin Tap Sensor Module for Arduino KY-031,1,150,,,,,
Sensors,,KY-039,joy-it,HEARTBEAT SENSOR,3-pin KY-039 5V FINGER DETECTION HEARTBEAT SENSOR,1,150,,,,,
Sensors,,-,,MERCURY TILT SWITCH,3-pins Mercury Tilt sensor ,1,150,,,,,
Sensors,,KY-006,joy-it,PASSIVE PIEZO-BUZZER, 3-pin Passive Buzzer Sensor Alarm Module for Arduino KY-006 KY-012 DIY Kit,1,150,,,,,
Sensors,,KY-012,joy-it,ACTIVE PIEZO-BUZZER, 3-pin Passive Buzzer Sensor Alarm Module for Arduino KY-006 KY-012 DIY Kit,1,150,,,,,
Sensors,Optical Sensors,KY-011,joy-it,2-COLOR 5MM LED,3-pin Two-color LED module 5MM for arduino sensor,2,150,,,,,
Sensors,,KY-002,joy-it,VIBRATION SWITCH,3-pin Shock Sensor Module,1,150,,,,,
Electromechanical,,KY-040,joy-it,ROTARY ENCODER,5-pin KY-040 Rotary Encoder Sensor Module ,1,150,,,,,
Sensors,,KY-033,joy-it,LINE TRACKING SENSOR,3-pin TCRT5000 Single Channel Line Tracking Sensor with LM393,1,150,,,,,
Electromechanical,Switching Devices,KY-019,joy-it,5V RELAYS,3-pin KY-019 RELAY MODULE,1,150,,,,,
Electromechanical,Switching Devices,KY-023,joy-it,JOYSTICK (X-Y-AXIS),5-pin Joystick Control Lever Sensor KY-023 ,1,150,,,,,
Sensors,Magnetic Sensors,KY-024,joy-it,"LINEAR, MAGNETIC HALL SENSOR",4-pin Linear Hall Effect Sensor Module with LINEAR HALL-EFFECT IC (AH49E) KY-024,1,150,,,,,
Sensors,Proximity Sensors,KY-036,joy-it,METAL TOUCH SENSOR,4-pin  Human Body Touch Sensor Module with LM393 KY-036,1,150,,,,,
Sensors,Temperature and Humidity Sensors,KY-015,joy-it,COMBI-SENSOR (TEMPERATURE & HUMIDITY),3-pin DHT11 Temperature-Humidity Sensor Module KY-015,1,150,,,,,
Sensors,Load Sensors,-,,LOAD CELL AMPLIFIER,IC HX711 Load Cell (Weight) Amplifier,1,150,,,,,
Electromechanical,Switching Devices,KY-004,joy-it,BUTTON,3-Pin KY-004 Button Key Switch Sensor,1,150,,,,,
Sensors,Temperature and Humidity Sensors,KY-001,joy-it,TEMPERATURE SENSOR (DS18B20),3-pin DS18B20 Temperature Sensor Module,1,150,,,,,
Sensors,Magnetic Sensors,KY-003,joy-it,HALL MAGNETIC FIELD SENSOR,3-pin Hall-Effect Sensor Digital IC A3144 KY-003,1,150,,,,,
Sensors,Optical Sensors,KY-009,joy-it,RGB SMD-LED,4-pin LED RGB SMD Module KY-009,1,150,,,,,
